INSERT INTO attractions (id, name, alias, category, location, address, area, opening_hours_regular, ticket_price_regular, description, tags, official_website, contact, built_year, grade) VALUES
('AT0010023', '故宫博物院', '["紫禁城", "故宫"]', '["人文景观", "世界遗产"]', ST_GeomFromText('POINT(39.916527 116.397128)', 4326), '北京市东城区景山前街4号', 720000.0, '08:30-17:00(周一闭馆)', '60元/人(旺季)', '明清两代皇家宫殿...', '["历史", "拍照", "亲子"]', 'https://www.dpm.org.cn', '010-65132255', 1420, 'AAAAA'),
('AT0010024', '颐和园', '["清漪园"]', '["人文景观", "世界遗产"]', ST_GeomFromText('POINT(39.9992 116.2784)', 4326), '北京市海淀区新建宫门路19号', 2900000.0, '06:30-20:00(旺季), 07:00-19:00(淡季)', '30元/人(旺季), 20元/人(淡季)', '清朝皇家园林...', '["园林", "划船"]', 'https://www.summerpalace-china.com', '010-62881144', 1750, 'AAAAA'),
('AT0010025', '长城八达岭段', '["八达岭长城"]', '["人文景观", "世界遗产"]', ST_GeomFromText('POINT(40.3566 116.0200)', 4326), '北京市延庆区八达岭镇', 37410000.0, '06:30-19:00(旺季), 07:30-18:00(淡季)', '40元/人', '中国古代伟大军事防御工程...', '["历史", "徒步"]', 'http://www.badaling.cn', '010-69122222', 1505, 'AAAAA'),
('AT0010026', '天坛公园', '["天地坛"]', '["人文景观", "世界遗产"]', ST_GeomFromText('POINT(39.8823 116.4066)', 4326), '北京市东城区天坛内东里7号', 2730000.0, '06:00-22:00(旺季), 06:30-21:00(淡季)', '15元/人(联票34元)', '明清皇帝祭天场所...', '["祭祀", "古建筑"]', 'https://www.templeoftian.com', '010-67028866', 1420, 'AAAAA'),
('AT0010027', '圆明园遗址公园', '["圆明园"]', '["人文景观", "遗址公园"]', ST_GeomFromText('POINT(40.0086 116.2975)', 4326), '北京市海淀区清华西路28号', 3520000.0, '07:00-19:30(旺季), 07:30-17:30(淡季)', '10元/人', '清代大型皇家园林遗址...', '["遗址", "历史"]', 'http://www.yuanmingyuanpark.org', '010-62628501', 1709, 'AAAA'),
('AT0010028', '明十三陵', '["十三陵"]', '["人文景观", "世界遗产"]', ST_GeomFromText('POINT(40.2536 116.2237)', 4326), '北京市昌平区十三陵镇', 120000000.0, '08:30-17:00', '45元/人(定陵)', '明代皇家陵寝建筑群...', '["陵墓", "历史"]', 'http://www.mingtombs.com', '010-60761424', 1409, 'AAAAA'),
('AT0010029', '北海公园', '["西苑"]', '["人文景观", "皇家园林"]', ST_GeomFromText('POINT(39.9258 116.3889)', 4326), '北京市西城区文津街1号', 680000.0, '06:30-21:00(旺季), 06:30-20:00(淡季)', '10元/人', '中国现存最古老的皇家园林...', '["湖泊", "白塔"]', 'http://www.beihaipark.com.cn', '010-64031102', 1166, 'AAAA'),
('AT0010030', '景山公园', '["万岁山"]', '["人文景观", "城市公园"]', ST_GeomFromText('POINT(39.9244 116.3917)', 4326), '北京市西城区景山西街44号', 230000.0, '06:30-21:00(旺季), 06:30-20:00(淡季)', '2元/人', '北京城中轴线最高点...', '["俯瞰", "城市全景"]', 'http://www.jingshanpark.cn', '010-64038098', 1420, 'AAAA'),
('AT0010031', '恭王府', '["和珅府"]', '["人文景观", "历史建筑"]', ST_GeomFromText('POINT(39.9344 116.3808)', 4326), '北京市西城区柳荫街甲14号', 60000.0, '08:30-17:00(旺季), 09:00-16:00(淡季)', '40元/人', '清代规模最大王府...', '["王府", "和珅"]', 'http://www.pgm.org.cn', '010-83288149', 1776, 'AAAAA'),
('AT0010032', '北京动物园', '["西郊公园"]', '["自然景观", "动物园"]', ST_GeomFromText('POINT(39.9378 116.3347)', 4326), '北京市西城区西直门外大街137号', 860000.0, '07:30-18:00(旺季), 07:30-17:00(淡季)', '15元/人', '中国最早动物园...', '["熊猫", "亲子"]', 'http://www.bjzoo.com', '010-68390274', 1906, 'AAAA'),
('AT0010033', '香山公园', '["静宜园"]', '["自然景观", "山地公园"]', ST_GeomFromText('POINT(39.9914 116.1933)', 4326), '北京市海淀区买卖街40号', 1600000.0, '06:00-18:30(旺季), 06:00-18:00(淡季)', '10元/人(旺季), 5元/人(淡季)', '皇家园林红叶观赏地...', '["红叶", "登山"]', 'http://www.xiangshanpark.com', '010-62591222', 1186, 'AAAA'),
('AT0010034', '雍和宫', '["喇嘛庙"]', '["人文景观", "宗教场所"]', ST_GeomFromText('POINT(39.9475 116.4175)', 4326), '北京市东城区雍和宫大街12号', 66400.0, '09:00-16:30', '25元/人', '藏传佛教寺院...', '["佛教", "建筑"]', 'http://www.yonghegong.cn', '010-84191919', 1694, 'AAAA'),
('AT0010035', '北京植物园', '["国家植物园"]', '["自然景观", "植物园"]', ST_GeomFromText('POINT(39.9997 116.2158)', 4326), '北京市海淀区香山卧佛寺路', 4000000.0, '06:00-20:00(旺季), 07:00-17:00(淡季)', '10元/人', '北方最大植物园...', '["植物", "赏花"]', 'http://www.beijingbg.com', '010-62591561', 1956, 'AAAA'),
('AT0010036', '奥林匹克公园', '["奥园"]', '["现代景观", "体育公园"]', ST_GeomFromText('POINT(40.0029 116.3961)', 4326), '北京市朝阳区北辰东路15号', 11590000.0, '06:00-21:00', '免费', '2008奥运会主会场...', '["鸟巢", "水立方"]', 'http://www.olympicpark.cn', '010-84373060', 2008, 'AAAAA'),
('AT0010037', '南锣鼓巷', '["蜈蚣巷"]', '["人文景观", "历史街区"]', ST_GeomFromText('POINT(39.9392 116.4036)', 4326), '北京市东城区南锣鼓巷胡同', 787000.0, '全天开放', '免费', '北京著名胡同...', '["胡同", "文创"]', 'http://www.nanluoguxiang.com', '010-64008517', 1267, 'AAA'),
('AT0010038', '798艺术区', '["798"]', '["现代景观", "艺术区"]', ST_GeomFromText('POINT(39.9842 116.4925)', 4326), '北京市朝阳区酒仙桥路4号', 600000.0, '10:00-18:00', '免费', '当代艺术展示区...', '["艺术", "展览"]', 'http://www.798art.org', '010-59789879', 2002, 'AAA'),
('AT0010039', '国家博物馆', '["国博"]', '["人文景观", "博物馆"]', ST_GeomFromText('POINT(39.9042 116.4039)', 4326), '北京市东城区东长安街16号', 200000.0, '09:00-17:00(周一闭馆)', '免费', '中国最高历史文化殿堂...', '["文物", "历史"]', 'http://www.chnmuseum.cn', '010-65116400', 1959, 'AAAAA'),
('AT0010040', '北京天文馆', '["天文馆"]', '["科普教育", "博物馆"]', ST_GeomFromText('POINT(39.9283 116.3322)', 4326), '北京市西城区西直门外大街138号', 26000.0, '09:00-16:30(周一闭馆)', '10元/人', '中国第一座天文馆...', '["天文", "科普"]', 'http://www.bjp.org.cn', '010-68312517', 1957, 'AAA'),
('AT0010041', '中国科技馆', '["科技馆"]', '["科普教育", "博物馆"]', ST_GeomFromText('POINT(40.0147 116.4069)', 4326), '北京市朝阳区北辰东路5号', 102000.0, '09:30-17:00(周一闭馆)', '30元/人', '国家科技教育基地...', '["科技", "互动"]', 'http://www.cstm.org.cn', '010-59041000', 1988, 'AAAA'),
('AT0010042', '北京欢乐谷', '["欢乐谷"]', '["现代景观", "主题公园"]', ST_GeomFromText('POINT(39.8686 116.4997)', 4326), '北京市朝阳区东四环小武基北路', 560000.0, '09:00-22:00(旺季), 10:00-17:30(淡季)', '299元/人', '大型主题游乐园...', '["游乐场", "过山车"]', 'http://bj.happyvalley.cn', '010-67389898', 2006, 'AAAA');

INSERT INTO sub_attractions (id, name, parent_id, location_relative, visiting_duration, highlight) VALUES
('SA001002301', '太和殿', 'AT0010023', '故宫中轴线南段', 20, '金銮殿,皇权象征'),
('SA001002302', '乾清宫', 'AT0010023', '故宫内廷后三宫之一', 15, '皇帝寝宫'),
('SA001002303', '养心殿', 'AT0010023', '故宫西侧', 25, '清代皇帝办公场所'),
('SA001002304', '御花园', 'AT0010023', '故宫北端', 30, '皇家园林典范'),
('SA001002401', '佛香阁', 'AT0010024', '万寿山前山中部', 30, '颐和园标志性建筑'),
('SA001002402', '长廊', 'AT0010024', '昆明湖北岸', 25, '世界最长彩绘长廊'),
('SA001002403', '十七孔桥', 'AT0010024', '昆明湖南端', 20, '连接东堤与南湖岛'),
('SA001002404', '石舫', 'AT0010024', '昆明湖西北岸', 15, '中西合璧建筑'),
('SA001002501', '祈年殿', 'AT0010025', '天坛内坛北部', 25, '三重檐圆形建筑'),
('SA001002502', '皇穹宇', 'AT0010025', '天坛内坛南部', 20, '存放神牌场所'),
('SA001002503', '圜丘坛', 'AT0010025', '天坛南端', 15, '祭天仪式场所'),
('SA001002504', '斋宫', 'AT0010025', '天坛西侧', 10, '皇帝斋戒场所'),
('SA001002601', '大水法遗址', 'AT0010026', '圆明园西洋楼景区', 30, '著名喷泉遗址'),
('SA001002602', '方外观', 'AT0010026', '圆明园西洋楼景区', 20, '乾隆宠妃礼拜场所'),
('SA001002603', '海晏堂', 'AT0010026', '圆明园西洋楼景区', 25, '十二生肖喷泉遗址'),
('SA001002604', '谐奇趣', 'AT0010026', '圆明园西洋楼景区', 15, '最早西洋建筑群'),
('SA001002701', '长陵祾恩殿', 'AT0010027', '明十三陵长陵内', 30, '金丝楠木大殿'),
('SA001002702', '定陵地宫', 'AT0010027', '明十三陵定陵内', 40, '地下宫殿'),
('SA001002703', '神路', 'AT0010027', '明十三陵南端', 45, '石像生大道'),
('SA001002704', '昭陵明楼', 'AT0010027', '明十三陵昭陵内', 20, '保存最完整明楼');

INSERT INTO transport_hubs (id, name, type, location, distance_to_attraction, `accessible`) VALUES
('TH0010023', '故宫博物院地铁站', 'subway', ST_GeomFromText('POINT(39.915527 116.398128)', 4326), 0.8, TRUE),
('TH0010024', '天安门东站', 'subway', ST_GeomFromText('POINT(39.9142 116.4039)', 4326), 1.2, TRUE),
('TH0010025', '前门站', 'subway', ST_GeomFromText('POINT(39.9075 116.3975)', 4326), 1.5, TRUE),
('TH0010026', '颐和园北宫门站', 'subway', ST_GeomFromText('POINT(40.0023 116.2799)', 4326), 0.5, TRUE),
('TH0010027', '圆明园站', 'subway', ST_GeomFromText('POINT(40.0047 116.2964)', 4326), 0.7, TRUE),
('TH0010028', '天坛东门站', 'subway', ST_GeomFromText('POINT(39.8815 116.4082)', 4326), 0.6, TRUE),
('TH0010029', '八达岭长城站', 'subway', ST_GeomFromText('POINT(40.3589 116.0187)', 4326), 1.2, TRUE),
('TH0010030', '北海北站', 'subway', ST_GeomFromText('POINT(39.9292 116.3883)', 4326), 0.9, TRUE),
('TH0010031', '南锣鼓巷站', 'subway', ST_GeomFromText('POINT(39.9392 116.4036)', 4326), 0.3, TRUE),
('TH0010032', '奥林匹克公园站', 'subway', ST_GeomFromText('POINT(40.0029 116.3961)', 4326), 0.4, TRUE),
('TH0010033', '故宫东华门公交站', 'bus', ST_GeomFromText('POINT(39.9175 116.4019)', 4326), 0.5, TRUE),
('TH0010034', '颐和园东宫门公交站', 'bus', ST_GeomFromText('POINT(39.9985 116.2812)', 4326), 0.3, TRUE),
('TH0010035', '天坛南门公交站', 'bus', ST_GeomFromText('POINT(39.8764 116.4067)', 4326), 0.4, TRUE),
('TH0010036', '八达岭长城停车场', 'parking', ST_GeomFromText('POINT(40.3566 116.0200)', 4326), 0.8, TRUE),
('TH0010037', '圆明园藻园门停车场', 'parking', ST_GeomFromText('POINT(40.0086 116.2975)', 4326), 0.6, TRUE),
('TH0010038', '北海公园南门停车场', 'parking', ST_GeomFromText('POINT(39.9258 116.3889)', 4326), 0.7, TRUE),
('TH0010039', '景山公园西门停车场', 'parking', ST_GeomFromText('POINT(39.9244 116.3917)', 4326), 0.5, TRUE),
('TH0010040', '恭王府停车场', 'parking', ST_GeomFromText('POINT(39.9344 116.3808)', 4326), 0.4, TRUE),
('TH0010041', '北京动物园北门停车场', 'parking', ST_GeomFromText('POINT(39.9378 116.3347)', 4326), 0.9, TRUE),
('TH0010042', '香山公园东门停车场', 'parking', ST_GeomFromText('POINT(39.9914 116.1933)', 4326), 0.7, TRUE);

INSERT INTO facilities (id, name, type, location, distance_to_attraction, price_level, business_hours) VALUES
('FA0010023', '故宫角楼餐厅', 'restaurant', ST_GeomFromText('POINT(39.917527 116.396128)', 4326), 0.5, 3, '09:00-21:00'),
('FA0010024', '故宫冰窖餐厅', 'restaurant', ST_GeomFromText('POINT(39.9168 116.3972)', 4326), 0.3, 4, '10:00-20:00'),
('FA0010025', '颐和园听鹂馆', 'restaurant', ST_GeomFromText('POINT(39.9988 116.2775)', 4326), 0.4, 4, '10:00-20:00'),
('FA0010026', '天坛北门豆汁店', 'restaurant', ST_GeomFromText('POINT(39.8830 116.4055)', 4326), 0.7, 2, '06:00-20:00'),
('FA0010027', '八达岭长城酒店', 'hotel', ST_GeomFromText('POINT(40.3572 116.0195)', 4326), 0.9, 3, '24小时'),
('FA0010028', '圆明园遗址公园游客中心', 'service', ST_GeomFromText('POINT(40.0086 116.2975)', 4326), 0.2, 0, '08:30-17:30'),
('FA0010029', '北海仿膳饭庄', 'restaurant', ST_GeomFromText('POINT(39.9258 116.3889)', 4326), 0.3, 5, '11:00-21:00'),
('FA0010030', '景山公园东门便利店', 'convenience', ST_GeomFromText('POINT(39.9244 116.3917)', 4326), 0.1, 1, '07:00-22:00'),
('FA0010031', '恭王府文创商店', 'shopping', ST_GeomFromText('POINT(39.9344 116.3808)', 4326), 0.2, 2, '09:00-18:00'),
('FA0010032', '北京动物园熊猫馆', 'attraction', ST_GeomFromText('POINT(39.9378 116.3347)', 4326), 0.4, 2, '08:00-17:00'),
('FA0010033', '香山饭店', 'hotel', ST_GeomFromText('POINT(39.9914 116.1933)', 4326), 0.6, 4, '24小时'),
('FA0010034', '雍和宫素斋', 'restaurant', ST_GeomFromText('POINT(39.9475 116.4175)', 4326), 0.3, 3, '10:30-14:30'),
('FA0010035', '北京植物园温室', 'attraction', ST_GeomFromText('POINT(39.9997 116.2158)', 4326), 0.5, 2, '08:30-16:30'),
('FA0010036', '奥林匹克公园观光塔', 'attraction', ST_GeomFromText('POINT(40.0029 116.3961)', 4326), 0.7, 3, '09:00-21:00'),
('FA0010037', '南锣鼓巷文创店', 'shopping', ST_GeomFromText('POINT(39.9392 116.4036)', 4326), 0.2, 2, '10:00-22:00'),
('FA0010038', '798艺术区咖啡馆', 'cafe', ST_GeomFromText('POINT(39.9842 116.4925)', 4326), 0.4, 3, '09:00-19:00'),
('FA0010039', '国家博物馆纪念品店', 'shopping', ST_GeomFromText('POINT(39.9042 116.4039)', 4326), 0.3, 2, '09:00-16:30'),
('FA0010040', '北京天文馆太空剧场', 'attraction', ST_GeomFromText('POINT(39.9283 116.3322)', 4326), 0.5, 3, '09:30-16:00'),
('FA0010041', '中国科技馆儿童科学乐园', 'attraction', ST_GeomFromText('POINT(40.0147 116.4069)', 4326), 0.6, 2, '09:30-17:00'),
('FA0010042', '北京欢乐谷游客服务中心', 'service', ST_GeomFromText('POINT(39.8686 116.4997)', 4326), 0.3, 0, '08:30-22:00');

-- 为子景点表的 parent_id 字段添加外键约束，关联到景点表的 id 字段
ALTER TABLE sub_attractions
ADD CONSTRAINT fk_sub_attraction_parent
FOREIGN KEY (parent_id)
REFERENCES attractions(id)
ON DELETE RESTRICT  -- 禁止删除被子景点引用的景点（防止子景点出现无效关联）
ON UPDATE CASCADE;  -- 若景点 id 被更新，子景点的 parent_id 同步更新（通常 id 为固定值，此为冗余保障）
